{
    "macro_precision": 0.13258667829660556,
    "macro_recall": 0.5012301923650917,
    "macro_f1": 0.19502864519084295
}